film_key,canonical_title,release_year,provider_title,provider_year,provider,confidence,identity_exact,hazards,decision,reason
title:the-blair-witch-project:1999,The Blair Witch Project,1999,The Blair Witch Project,1999,wikidata,1.0,True,article variation | franchise title similarity,approved,Exact Wikidata identity match confirmed for The Blair Witch Project (1999): provider title and release year match the golden benchmark.
title:the-thing:1982,The Thing,1982,The Thing,1982,wikidata,1.0,True,same title different year | remake,approved,Exact Wikidata identity match confirmed for The Thing (1982): provider title and release year match the golden benchmark.
title:suspiria:1977,Suspiria,1977,Suspiria,1977,wikidata,1.0,True,same title remake,approved,Exact Wikidata identity match confirmed for Suspiria (1977): provider title and release year match the golden benchmark.
title:the-wicker-man:1973,The Wicker Man,1973,The Wicker Man,1973,wikidata,1.0,True,same title remake | article variation,approved,Exact Wikidata identity match confirmed for The Wicker Man (1973): provider title and release year match the golden benchmark.
title:the-fly:1986,The Fly,1986,The Fly,1986,wikidata,1.0,True,same title different year | remake,approved,Exact Wikidata identity match confirmed for The Fly (1986): provider title and release year match the golden benchmark.
title:the-ring:2002,The Ring,2002,The Ring,2002,wikidata,1.0,True,international remake | generic title,approved,Exact Wikidata identity match confirmed for The Ring (2002): provider title and release year match the golden benchmark.
title:let-the-right-one-in:2008,Let the Right One In,2008,Let the Right One In,2008,wikidata,1.0,True,international title | remake title similarity,approved,Exact Wikidata identity match confirmed for Let the Right One In (2008): provider title and release year match the golden benchmark.
title:the-host:2006,The Host,2006,The Host,2006,wikidata,1.0,True,generic title | same title different year | international title,approved,Exact Wikidata identity match confirmed for The Host (2006): provider title and release year match the golden benchmark.
title:undertone:2025,Undertone,2025,Undertone,2025,wikidata,1.0,True,recent obscure title | limited provider coverage,approved,Exact Wikidata identity match confirmed for Undertone (2025): provider title and release year match the golden benchmark.
