Date,Content
2014-01-25,https://boxd.it/1NnFj
2016-05-22,https://boxd.it/1ddDF
2016-08-22,https://boxd.it/60fkp
2016-09-16,https://boxd.it/b4szF
2016-10-03,https://boxd.it/b8d33
2016-10-06,https://boxd.it/3SLu3
2017-01-12,https://boxd.it/MUqF
2017-04-09,https://boxd.it/7B8eR
2017-04-23,https://boxd.it/bxu77
2017-04-24,https://boxd.it/1SxBL
2018-12-11,https://boxd.it/b9CHp
2023-11-20,https://boxd.it/5aGGPp
2024-09-07,https://boxd.it/7fOg4f
2024-09-07,https://boxd.it/76e7bN
2024-09-07,https://boxd.it/7gc2fr
2024-11-19,https://boxd.it/7NwJ1z
2025-01-29,https://boxd.it/7q9fxx
2026-01-24,https://boxd.it/cwoOyz
